"source_file","export_month","metric","hour_index","hour_window","value","contains_credentials"
"1、交易计算表1月.xls","2026-01","日 本时段持仓量（兆瓦时）","1","00:00-01:00","32.407","False"
"1、交易计算表1月.xls","2026-01","日 本时段持仓量（兆瓦时）","2","01:00-02:00","29.782","False"
"1、交易计算表1月.xls","2026-01","日 本时段持仓量（兆瓦时）","3","02:00-03:00","26.995","False"
"1、交易计算表1月.xls","2026-01","日 本时段持仓量（兆瓦时）","4","03:00-04:00","27.389","False"
"1、交易计算表1月.xls","2026-01","日 本时段持仓量（兆瓦时）","5","04:00-05:00","30.472","False"
"1、交易计算表1月.xls","2026-01","日 本时段持仓量（兆瓦时）","6","05:00-06:00","39.262","False"
"1、交易计算表1月.xls","2026-01","日 本时段持仓量（兆瓦时）","7","06:00-07:00","62.08","False"
"1、交易计算表1月.xls","2026-01","日 本时段持仓量（兆瓦时）","8","07:00-08:00","72.716","False"
"1、交易计算表1月.xls","2026-01","日 本时段持仓量（兆瓦时）","9","08:00-09:00","76.06","False"
"1、交易计算表1月.xls","2026-01","日 本时段持仓量（兆瓦时）","10","09:00-10:00","74.054","False"
"1、交易计算表1月.xls","2026-01","日 本时段持仓量（兆瓦时）","11","10:00-11:00","71.342","False"
"1、交易计算表1月.xls","2026-01","日 本时段持仓量（兆瓦时）","12","11:00-12:00","70.177","False"
"1、交易计算表1月.xls","2026-01","日 本时段持仓量（兆瓦时）","13","12:00-13:00","69.327","False"
"1、交易计算表1月.xls","2026-01","日 本时段持仓量（兆瓦时）","14","13:00-14:00","70.39","False"
"1、交易计算表1月.xls","2026-01","日 本时段持仓量（兆瓦时）","15","14:00-15:00","70.075","False"
"1、交易计算表1月.xls","2026-01","日 本时段持仓量（兆瓦时）","16","15:00-16:00","71.938","False"
"1、交易计算表1月.xls","2026-01","日 本时段持仓量（兆瓦时）","17","16:00-17:00","57.433","False"
"1、交易计算表1月.xls","2026-01","日 本时段持仓量（兆瓦时）","18","17:00-18:00","59.467","False"
"1、交易计算表1月.xls","2026-01","日 本时段持仓量（兆瓦时）","19","18:00-19:00","60.253","False"
"1、交易计算表1月.xls","2026-01","日 本时段持仓量（兆瓦时）","20","19:00-20:00","68.945","False"
"1、交易计算表1月.xls","2026-01","日 本时段持仓量（兆瓦时）","21","20:00-21:00","66.944","False"
"1、交易计算表1月.xls","2026-01","日 本时段持仓量（兆瓦时）","22","21:00-22:00","63.861","False"
"1、交易计算表1月.xls","2026-01","日 本时段持仓量（兆瓦时）","23","22:00-23:00","57.794","False"
"1、交易计算表1月.xls","2026-01","日 本时段持仓量（兆瓦时）","24","23:00-24:00","46.51","False"
"1、交易计算表1月.xls","2026-01","操作量1（兆瓦时） +买入；-卖出","1","00:00-01:00","2.55","False"
"1、交易计算表1月.xls","2026-01","操作量1（兆瓦时） +买入；-卖出","2","01:00-02:00","2.17","False"
"1、交易计算表1月.xls","2026-01","操作量1（兆瓦时） +买入；-卖出","3","02:00-03:00","1.36","False"
"1、交易计算表1月.xls","2026-01","操作量1（兆瓦时） +买入；-卖出","4","03:00-04:00","1.59","False"
"1、交易计算表1月.xls","2026-01","操作量1（兆瓦时） +买入；-卖出","5","04:00-05:00","2.15","False"
"1、交易计算表1月.xls","2026-01","操作量1（兆瓦时） +买入；-卖出","6","05:00-06:00","5.17","False"
"1、交易计算表1月.xls","2026-01","操作量1（兆瓦时） +买入；-卖出","7","06:00-07:00","3.08","False"
"1、交易计算表1月.xls","2026-01","操作量1（兆瓦时） +买入；-卖出","8","07:00-08:00","3.94","False"
"1、交易计算表1月.xls","2026-01","操作量1（兆瓦时） +买入；-卖出","9","08:00-09:00","5.75","False"
"1、交易计算表1月.xls","2026-01","操作量1（兆瓦时） +买入；-卖出","10","09:00-10:00","4.96","False"
"1、交易计算表1月.xls","2026-01","操作量1（兆瓦时） +买入；-卖出","11","10:00-11:00","4.31","False"
"1、交易计算表1月.xls","2026-01","操作量1（兆瓦时） +买入；-卖出","12","11:00-12:00","4.62","False"
"1、交易计算表1月.xls","2026-01","操作量1（兆瓦时） +买入；-卖出","13","12:00-13:00","5.66","False"
"1、交易计算表1月.xls","2026-01","操作量1（兆瓦时） +买入；-卖出","14","13:00-14:00","3.15","False"
"1、交易计算表1月.xls","2026-01","操作量1（兆瓦时） +买入；-卖出","15","14:00-15:00","2.76","False"
"1、交易计算表1月.xls","2026-01","操作量1（兆瓦时） +买入；-卖出","16","15:00-16:00","2.23","False"
"1、交易计算表1月.xls","2026-01","操作量1（兆瓦时） +买入；-卖出","17","16:00-17:00","22.42","False"
"1、交易计算表1月.xls","2026-01","操作量1（兆瓦时） +买入；-卖出","18","17:00-18:00","19.98","False"
"1、交易计算表1月.xls","2026-01","操作量1（兆瓦时） +买入；-卖出","19","18:00-19:00","23.83","False"
"1、交易计算表1月.xls","2026-01","操作量1（兆瓦时） +买入；-卖出","20","19:00-20:00","6.98","False"
"1、交易计算表1月.xls","2026-01","操作量1（兆瓦时） +买入；-卖出","21","20:00-21:00","6.79","False"
"1、交易计算表1月.xls","2026-01","操作量1（兆瓦时） +买入；-卖出","22","21:00-22:00","8.18","False"
"1、交易计算表1月.xls","2026-01","操作量1（兆瓦时） +买入；-卖出","23","22:00-23:00","8.77","False"
"1、交易计算表1月.xls","2026-01","操作量1（兆瓦时） +买入；-卖出","24","23:00-24:00","4.19","False"
"1、交易计算表1月.xls","2026-01","日 本时段持仓量（兆瓦时）","1","00:00-01:00","32.407","False"
"1、交易计算表1月.xls","2026-01","日 本时段持仓量（兆瓦时）","2","01:00-02:00","29.782","False"
"1、交易计算表1月.xls","2026-01","日 本时段持仓量（兆瓦时）","3","02:00-03:00","26.995","False"
"1、交易计算表1月.xls","2026-01","日 本时段持仓量（兆瓦时）","4","03:00-04:00","27.389","False"
"1、交易计算表1月.xls","2026-01","日 本时段持仓量（兆瓦时）","5","04:00-05:00","30.472","False"
"1、交易计算表1月.xls","2026-01","日 本时段持仓量（兆瓦时）","6","05:00-06:00","39.262","False"
"1、交易计算表1月.xls","2026-01","日 本时段持仓量（兆瓦时）","7","06:00-07:00","62.08","False"
"1、交易计算表1月.xls","2026-01","日 本时段持仓量（兆瓦时）","8","07:00-08:00","72.716","False"
"1、交易计算表1月.xls","2026-01","日 本时段持仓量（兆瓦时）","9","08:00-09:00","76.06","False"
"1、交易计算表1月.xls","2026-01","日 本时段持仓量（兆瓦时）","10","09:00-10:00","74.054","False"
"1、交易计算表1月.xls","2026-01","日 本时段持仓量（兆瓦时）","11","10:00-11:00","71.342","False"
"1、交易计算表1月.xls","2026-01","日 本时段持仓量（兆瓦时）","12","11:00-12:00","70.177","False"
"1、交易计算表1月.xls","2026-01","日 本时段持仓量（兆瓦时）","13","12:00-13:00","69.327","False"
"1、交易计算表1月.xls","2026-01","日 本时段持仓量（兆瓦时）","14","13:00-14:00","70.39","False"
"1、交易计算表1月.xls","2026-01","日 本时段持仓量（兆瓦时）","15","14:00-15:00","70.075","False"
"1、交易计算表1月.xls","2026-01","日 本时段持仓量（兆瓦时）","16","15:00-16:00","71.938","False"
"1、交易计算表1月.xls","2026-01","日 本时段持仓量（兆瓦时）","17","16:00-17:00","57.433","False"
"1、交易计算表1月.xls","2026-01","日 本时段持仓量（兆瓦时）","18","17:00-18:00","59.467","False"
"1、交易计算表1月.xls","2026-01","日 本时段持仓量（兆瓦时）","19","18:00-19:00","60.253","False"
"1、交易计算表1月.xls","2026-01","日 本时段持仓量（兆瓦时）","20","19:00-20:00","68.945","False"
"1、交易计算表1月.xls","2026-01","日 本时段持仓量（兆瓦时）","21","20:00-21:00","66.944","False"
"1、交易计算表1月.xls","2026-01","日 本时段持仓量（兆瓦时）","22","21:00-22:00","63.861","False"
"1、交易计算表1月.xls","2026-01","日 本时段持仓量（兆瓦时）","23","22:00-23:00","57.794","False"
"1、交易计算表1月.xls","2026-01","日 本时段持仓量（兆瓦时）","24","23:00-24:00","46.51","False"
"1、交易计算表1月.xls","2026-01","操作量2（兆瓦时） +买入；-卖出","1","00:00-01:00","2.52","False"
"1、交易计算表1月.xls","2026-01","操作量2（兆瓦时） +买入；-卖出","2","01:00-02:00","-1.25","False"
"1、交易计算表1月.xls","2026-01","操作量2（兆瓦时） +买入；-卖出","3","02:00-03:00","-2.16","False"
"1、交易计算表1月.xls","2026-01","操作量2（兆瓦时） +买入；-卖出","4","03:00-04:00","5.74","False"
"1、交易计算表1月.xls","2026-01","操作量2（兆瓦时） +买入；-卖出","5","04:00-05:00","-3.22","False"
"1、交易计算表1月.xls","2026-01","操作量2（兆瓦时） +买入；-卖出","6","05:00-06:00","8.3","False"
"1、交易计算表1月.xls","2026-01","操作量2（兆瓦时） +买入；-卖出","7","06:00-07:00","4.25","False"
"1、交易计算表1月.xls","2026-01","操作量2（兆瓦时） +买入；-卖出","8","07:00-08:00","2.19","False"
"1、交易计算表1月.xls","2026-01","操作量2（兆瓦时） +买入；-卖出","9","08:00-09:00","6.05","False"
"1、交易计算表1月.xls","2026-01","操作量2（兆瓦时） +买入；-卖出","10","09:00-10:00","6.91","False"
"1、交易计算表1月.xls","2026-01","操作量2（兆瓦时） +买入；-卖出","11","10:00-11:00","0.03","False"
"1、交易计算表1月.xls","2026-01","操作量2（兆瓦时） +买入；-卖出","12","11:00-12:00","7.64","False"
"1、交易计算表1月.xls","2026-01","操作量2（兆瓦时） +买入；-卖出","13","12:00-13:00","10.93","False"
"1、交易计算表1月.xls","2026-01","操作量2（兆瓦时） +买入；-卖出","14","13:00-14:00","-2.01","False"
"1、交易计算表1月.xls","2026-01","操作量2（兆瓦时） +买入；-卖出","15","14:00-15:00","5.81","False"
"1、交易计算表1月.xls","2026-01","操作量2（兆瓦时） +买入；-卖出","16","15:00-16:00","3.92","False"
"1、交易计算表1月.xls","2026-01","操作量2（兆瓦时） +买入；-卖出","17","16:00-17:00","21.11","False"
"1、交易计算表1月.xls","2026-01","操作量2（兆瓦时） +买入；-卖出","18","17:00-18:00","21.41","False"
"1、交易计算表1月.xls","2026-01","操作量2（兆瓦时） +买入；-卖出","19","18:00-19:00","26.9","False"
"1、交易计算表1月.xls","2026-01","操作量2（兆瓦时） +买入；-卖出","20","19:00-20:00","5.49","False"
"1、交易计算表1月.xls","2026-01","操作量2（兆瓦时） +买入；-卖出","21","20:00-21:00","7.89","False"
"1、交易计算表1月.xls","2026-01","操作量2（兆瓦时） +买入；-卖出","22","21:00-22:00","9.8","False"
"1、交易计算表1月.xls","2026-01","操作量2（兆瓦时） +买入；-卖出","23","22:00-23:00","8.24","False"
"1、交易计算表1月.xls","2026-01","操作量2（兆瓦时） +买入；-卖出","24","23:00-24:00","0.1","False"
"1、交易计算表1月.xls","2026-01","近三天用电量均值","1","00:00-01:00","39.05","False"
"1、交易计算表1月.xls","2026-01","近三天用电量均值","2","01:00-02:00","31.89","False"
"1、交易计算表1月.xls","2026-01","近三天用电量均值","3","02:00-03:00","27.76","False"
"1、交易计算表1月.xls","2026-01","近三天用电量均值","4","03:00-04:00","37.03","False"
"1、交易计算表1月.xls","2026-01","近三天用电量均值","5","04:00-05:00","30.46","False"
"1、交易计算表1月.xls","2026-01","近三天用电量均值","6","05:00-06:00","53.17","False"
"1、交易计算表1月.xls","2026-01","近三天用电量均值","7","06:00-07:00","74.15","False"
"1、交易计算表1月.xls","2026-01","近三天用电量均值","8","07:00-08:00","83.74","False"
"1、交易计算表1月.xls","2026-01","近三天用电量均值","9","08:00-09:00","91.79","False"
"1、交易计算表1月.xls","2026-01","近三天用电量均值","10","09:00-10:00","90.51","False"
"1、交易计算表1月.xls","2026-01","近三天用电量均值","11","10:00-11:00","79.79","False"
"1、交易计算表1月.xls","2026-01","近三天用电量均值","12","11:00-12:00","87","False"
"1、交易计算表1月.xls","2026-01","近三天用电量均值","13","12:00-13:00","89.72","False"
"1、交易计算表1月.xls","2026-01","近三天用电量均值","14","13:00-14:00","76.44","False"
"1、交易计算表1月.xls","2026-01","近三天用电量均值","15","14:00-15:00","84.83","False"
"1、交易计算表1月.xls","2026-01","近三天用电量均值","16","15:00-16:00","84.8","False"
"1、交易计算表1月.xls","2026-01","近三天用电量均值","17","16:00-17:00","87.81","False"
"1、交易计算表1月.xls","2026-01","近三天用电量均值","18","17:00-18:00","90.41","False"
"1、交易计算表1月.xls","2026-01","近三天用电量均值","19","18:00-19:00","97.44","False"
"1、交易计算表1月.xls","2026-01","近三天用电量均值","20","19:00-20:00","83.21","False"
"1、交易计算表1月.xls","2026-01","近三天用电量均值","21","20:00-21:00","83.66","False"
"1、交易计算表1月.xls","2026-01","近三天用电量均值","22","21:00-22:00","82.35","False"
"1、交易计算表1月.xls","2026-01","近三天用电量均值","23","22:00-23:00","73.82","False"
"1、交易计算表1月.xls","2026-01","近三天用电量均值","24","23:00-24:00","52.11","False"
"1、交易计算表1月.xls","2026-01","96点电力值（兆瓦）","1","00:00-01:00","36.58","False"
"1、交易计算表1月.xls","2026-01","96点电力值（兆瓦）","2","01:00-02:00","30.56","False"
"1、交易计算表1月.xls","2026-01","96点电力值（兆瓦）","3","02:00-03:00","26.71","False"
"1、交易计算表1月.xls","2026-01","96点电力值（兆瓦）","4","03:00-04:00","33.86","False"
"1、交易计算表1月.xls","2026-01","96点电力值（兆瓦）","5","04:00-05:00","29.61","False"
"1、交易计算表1月.xls","2026-01","96点电力值（兆瓦）","6","05:00-06:00","49.18","False"
"1、交易计算表1月.xls","2026-01","96点电力值（兆瓦）","7","06:00-07:00","69.23","False"
"1、交易计算表1月.xls","2026-01","96点电力值（兆瓦）","8","07:00-08:00","78.79","False"
"1、交易计算表1月.xls","2026-01","96点电力值（兆瓦）","9","08:00-09:00","85.92","False"
"1、交易计算表1月.xls","2026-01","96点电力值（兆瓦）","10","09:00-10:00","84.39","False"
"1、交易计算表1月.xls","2026-01","96点电力值（兆瓦）","11","10:00-11:00","75.6","False"
"1、交易计算表1月.xls","2026-01","96点电力值（兆瓦）","12","11:00-12:00","80.88","False"
"1、交易计算表1月.xls","2026-01","96点电力值（兆瓦）","13","12:00-13:00","82.99","False"
"1、交易计算表1月.xls","2026-01","96点电力值（兆瓦）","14","13:00-14:00","72.63","False"
"1、交易计算表1月.xls","2026-01","96点电力值（兆瓦）","15","14:00-15:00","78.85","False"
"1、交易计算表1月.xls","2026-01","96点电力值（兆瓦）","16","15:00-16:00","79.1","False"
"1、交易计算表1月.xls","2026-01","96点电力值（兆瓦）","17","16:00-17:00","82.52","False"
"1、交易计算表1月.xls","2026-01","96点电力值（兆瓦）","18","17:00-18:00","84.4","False"
"1、交易计算表1月.xls","2026-01","96点电力值（兆瓦）","19","18:00-19:00","90.66","False"
"1、交易计算表1月.xls","2026-01","96点电力值（兆瓦）","20","19:00-20:00","78.24","False"
"1、交易计算表1月.xls","2026-01","96点电力值（兆瓦）","21","20:00-21:00","78.15","False"
"1、交易计算表1月.xls","2026-01","96点电力值（兆瓦）","22","21:00-22:00","76.81","False"
"1、交易计算表1月.xls","2026-01","96点电力值（兆瓦）","23","22:00-23:00","69.25","False"
"1、交易计算表1月.xls","2026-01","96点电力值（兆瓦）","24","23:00-24:00","49.63","False"
"1、交易计算表2月.xls","2026-02","日 本时段持仓量（兆瓦时）","1","00:00-01:00","22.188","False"
"1、交易计算表2月.xls","2026-02","日 本时段持仓量（兆瓦时）","2","01:00-02:00","20.073","False"
"1、交易计算表2月.xls","2026-02","日 本时段持仓量（兆瓦时）","3","02:00-03:00","18.422","False"
"1、交易计算表2月.xls","2026-02","日 本时段持仓量（兆瓦时）","4","03:00-04:00","18.396","False"
"1、交易计算表2月.xls","2026-02","日 本时段持仓量（兆瓦时）","5","04:00-05:00","20.769","False"
"1、交易计算表2月.xls","2026-02","日 本时段持仓量（兆瓦时）","6","05:00-06:00","26.626","False"
"1、交易计算表2月.xls","2026-02","日 本时段持仓量（兆瓦时）","7","06:00-07:00","42.341","False"
"1、交易计算表2月.xls","2026-02","日 本时段持仓量（兆瓦时）","8","07:00-08:00","49.826","False"
"1、交易计算表2月.xls","2026-02","日 本时段持仓量（兆瓦时）","9","08:00-09:00","52.026","False"
"1、交易计算表2月.xls","2026-02","日 本时段持仓量（兆瓦时）","10","09:00-10:00","50.639","False"
"1、交易计算表2月.xls","2026-02","日 本时段持仓量（兆瓦时）","11","10:00-11:00","48.804","False"
"1、交易计算表2月.xls","2026-02","日 本时段持仓量（兆瓦时）","12","11:00-12:00","48.076","False"
"1、交易计算表2月.xls","2026-02","日 本时段持仓量（兆瓦时）","13","12:00-13:00","47.53","False"
"1、交易计算表2月.xls","2026-02","日 本时段持仓量（兆瓦时）","14","13:00-14:00","48.035","False"
"1、交易计算表2月.xls","2026-02","日 本时段持仓量（兆瓦时）","15","14:00-15:00","47.942","False"
"1、交易计算表2月.xls","2026-02","日 本时段持仓量（兆瓦时）","16","15:00-16:00","49.193","False"
"1、交易计算表2月.xls","2026-02","日 本时段持仓量（兆瓦时）","17","16:00-17:00","47.189","False"
"1、交易计算表2月.xls","2026-02","日 本时段持仓量（兆瓦时）","18","17:00-18:00","48.531","False"
"1、交易计算表2月.xls","2026-02","日 本时段持仓量（兆瓦时）","19","18:00-19:00","49.406","False"
"1、交易计算表2月.xls","2026-02","日 本时段持仓量（兆瓦时）","20","19:00-20:00","46.982","False"
"1、交易计算表2月.xls","2026-02","日 本时段持仓量（兆瓦时）","21","20:00-21:00","45.64","False"
"1、交易计算表2月.xls","2026-02","日 本时段持仓量（兆瓦时）","22","21:00-22:00","43.5","False"
"1、交易计算表2月.xls","2026-02","日 本时段持仓量（兆瓦时）","23","22:00-23:00","39.525","False"
"1、交易计算表2月.xls","2026-02","日 本时段持仓量（兆瓦时）","24","23:00-24:00","31.424","False"
"1、交易计算表2月.xls","2026-02","操作量1（兆瓦时） +买入；-卖出","1","00:00-01:00","15.57","False"
"1、交易计算表2月.xls","2026-02","操作量1（兆瓦时） +买入；-卖出","2","01:00-02:00","13.35","False"
"1、交易计算表2月.xls","2026-02","操作量1（兆瓦时） +买入；-卖出","3","02:00-03:00","13.28","False"
"1、交易计算表2月.xls","2026-02","操作量1（兆瓦时） +买入；-卖出","4","03:00-04:00","13.36","False"
"1、交易计算表2月.xls","2026-02","操作量1（兆瓦时） +买入；-卖出","5","04:00-05:00","14.83","False"
"1、交易计算表2月.xls","2026-02","操作量1（兆瓦时） +买入；-卖出","6","05:00-06:00","23.46","False"
"1、交易计算表2月.xls","2026-02","操作量1（兆瓦时） +买入；-卖出","7","06:00-07:00","31.17","False"
"1、交易计算表2月.xls","2026-02","操作量1（兆瓦时） +买入；-卖出","8","07:00-08:00","37.27","False"
"1、交易计算表2月.xls","2026-02","操作量1（兆瓦时） +买入；-卖出","9","08:00-09:00","36.57","False"
"1、交易计算表2月.xls","2026-02","操作量1（兆瓦时） +买入；-卖出","10","09:00-10:00","38.17","False"
"1、交易计算表2月.xls","2026-02","操作量1（兆瓦时） +买入；-卖出","11","10:00-11:00","36.98","False"
"1、交易计算表2月.xls","2026-02","操作量1（兆瓦时） +买入；-卖出","12","11:00-12:00","34.67","False"
"1、交易计算表2月.xls","2026-02","操作量1（兆瓦时） +买入；-卖出","13","12:00-13:00","36.92","False"
"1、交易计算表2月.xls","2026-02","操作量1（兆瓦时） +买入；-卖出","14","13:00-14:00","32.63","False"
"1、交易计算表2月.xls","2026-02","操作量1（兆瓦时） +买入；-卖出","15","14:00-15:00","36.04","False"
"1、交易计算表2月.xls","2026-02","操作量1（兆瓦时） +买入；-卖出","16","15:00-16:00","33.76","False"
"1、交易计算表2月.xls","2026-02","操作量1（兆瓦时） +买入；-卖出","17","16:00-17:00","41.51","False"
"1、交易计算表2月.xls","2026-02","操作量1（兆瓦时） +买入；-卖出","18","17:00-18:00","38.82","False"
"1、交易计算表2月.xls","2026-02","操作量1（兆瓦时） +买入；-卖出","19","18:00-19:00","41.79","False"
"1、交易计算表2月.xls","2026-02","操作量1（兆瓦时） +买入；-卖出","20","19:00-20:00","40.07","False"
"1、交易计算表2月.xls","2026-02","操作量1（兆瓦时） +买入；-卖出","21","20:00-21:00","37.34","False"
"1、交易计算表2月.xls","2026-02","操作量1（兆瓦时） +买入；-卖出","22","21:00-22:00","35.55","False"
"1、交易计算表2月.xls","2026-02","操作量1（兆瓦时） +买入；-卖出","23","22:00-23:00","37.74","False"
"1、交易计算表2月.xls","2026-02","操作量1（兆瓦时） +买入；-卖出","24","23:00-24:00","29.27","False"
"1、交易计算表2月.xls","2026-02","日 本时段持仓量（兆瓦时）","1","00:00-01:00","22.188","False"
"1、交易计算表2月.xls","2026-02","日 本时段持仓量（兆瓦时）","2","01:00-02:00","20.073","False"
"1、交易计算表2月.xls","2026-02","日 本时段持仓量（兆瓦时）","3","02:00-03:00","18.422","False"
"1、交易计算表2月.xls","2026-02","日 本时段持仓量（兆瓦时）","4","03:00-04:00","18.396","False"
"1、交易计算表2月.xls","2026-02","日 本时段持仓量（兆瓦时）","5","04:00-05:00","20.769","False"
"1、交易计算表2月.xls","2026-02","日 本时段持仓量（兆瓦时）","6","05:00-06:00","26.626","False"
"1、交易计算表2月.xls","2026-02","日 本时段持仓量（兆瓦时）","7","06:00-07:00","42.341","False"
"1、交易计算表2月.xls","2026-02","日 本时段持仓量（兆瓦时）","8","07:00-08:00","49.826","False"
"1、交易计算表2月.xls","2026-02","日 本时段持仓量（兆瓦时）","9","08:00-09:00","52.026","False"
"1、交易计算表2月.xls","2026-02","日 本时段持仓量（兆瓦时）","10","09:00-10:00","50.639","False"
"1、交易计算表2月.xls","2026-02","日 本时段持仓量（兆瓦时）","11","10:00-11:00","48.804","False"
"1、交易计算表2月.xls","2026-02","日 本时段持仓量（兆瓦时）","12","11:00-12:00","48.076","False"
"1、交易计算表2月.xls","2026-02","日 本时段持仓量（兆瓦时）","13","12:00-13:00","47.53","False"
"1、交易计算表2月.xls","2026-02","日 本时段持仓量（兆瓦时）","14","13:00-14:00","48.035","False"
"1、交易计算表2月.xls","2026-02","日 本时段持仓量（兆瓦时）","15","14:00-15:00","47.942","False"
"1、交易计算表2月.xls","2026-02","日 本时段持仓量（兆瓦时）","16","15:00-16:00","49.193","False"
"1、交易计算表2月.xls","2026-02","日 本时段持仓量（兆瓦时）","17","16:00-17:00","47.189","False"
"1、交易计算表2月.xls","2026-02","日 本时段持仓量（兆瓦时）","18","17:00-18:00","48.531","False"
"1、交易计算表2月.xls","2026-02","日 本时段持仓量（兆瓦时）","19","18:00-19:00","49.406","False"
"1、交易计算表2月.xls","2026-02","日 本时段持仓量（兆瓦时）","20","19:00-20:00","46.982","False"
"1、交易计算表2月.xls","2026-02","日 本时段持仓量（兆瓦时）","21","20:00-21:00","45.64","False"
"1、交易计算表2月.xls","2026-02","日 本时段持仓量（兆瓦时）","22","21:00-22:00","43.5","False"
"1、交易计算表2月.xls","2026-02","日 本时段持仓量（兆瓦时）","23","22:00-23:00","39.525","False"
"1、交易计算表2月.xls","2026-02","日 本时段持仓量（兆瓦时）","24","23:00-24:00","31.424","False"
"1、交易计算表2月.xls","2026-02","操作量2（兆瓦时） +买入；-卖出","1","00:00-01:00","8.07","False"
"1、交易计算表2月.xls","2026-02","操作量2（兆瓦时） +买入；-卖出","2","01:00-02:00","11.89","False"
"1、交易计算表2月.xls","2026-02","操作量2（兆瓦时） +买入；-卖出","3","02:00-03:00","8.58","False"
"1、交易计算表2月.xls","2026-02","操作量2（兆瓦时） +买入；-卖出","4","03:00-04:00","11.91","False"
"1、交易计算表2月.xls","2026-02","操作量2（兆瓦时） +买入；-卖出","5","04:00-05:00","11.56","False"
"1、交易计算表2月.xls","2026-02","操作量2（兆瓦时） +买入；-卖出","6","05:00-06:00","13.2","False"
"1、交易计算表2月.xls","2026-02","操作量2（兆瓦时） +买入；-卖出","7","06:00-07:00","28.34","False"
"1、交易计算表2月.xls","2026-02","操作量2（兆瓦时） +买入；-卖出","8","07:00-08:00","31.44","False"
"1、交易计算表2月.xls","2026-02","操作量2（兆瓦时） +买入；-卖出","9","08:00-09:00","30.95","False"
"1、交易计算表2月.xls","2026-02","操作量2（兆瓦时） +买入；-卖出","10","09:00-10:00","34.12","False"
"1、交易计算表2月.xls","2026-02","操作量2（兆瓦时） +买入；-卖出","11","10:00-11:00","25.19","False"
"1、交易计算表2月.xls","2026-02","操作量2（兆瓦时） +买入；-卖出","12","11:00-12:00","29.88","False"
"1、交易计算表2月.xls","2026-02","操作量2（兆瓦时） +买入；-卖出","13","12:00-13:00","28.72","False"
"1、交易计算表2月.xls","2026-02","操作量2（兆瓦时） +买入；-卖出","14","13:00-14:00","17.46","False"
"1、交易计算表2月.xls","2026-02","操作量2（兆瓦时） +买入；-卖出","15","14:00-15:00","34.01","False"
"1、交易计算表2月.xls","2026-02","操作量2（兆瓦时） +买入；-卖出","16","15:00-16:00","18.18","False"
"1、交易计算表2月.xls","2026-02","操作量2（兆瓦时） +买入；-卖出","17","16:00-17:00","34.81","False"
"1、交易计算表2月.xls","2026-02","操作量2（兆瓦时） +买入；-卖出","18","17:00-18:00","30.57","False"
"1、交易计算表2月.xls","2026-02","操作量2（兆瓦时） +买入；-卖出","19","18:00-19:00","36.71","False"
"1、交易计算表2月.xls","2026-02","操作量2（兆瓦时） +买入；-卖出","20","19:00-20:00","35.03","False"
"1、交易计算表2月.xls","2026-02","操作量2（兆瓦时） +买入；-卖出","21","20:00-21:00","27.07","False"
"1、交易计算表2月.xls","2026-02","操作量2（兆瓦时） +买入；-卖出","22","21:00-22:00","28.55","False"
"1、交易计算表2月.xls","2026-02","操作量2（兆瓦时） +买入；-卖出","23","22:00-23:00","27.05","False"
"1、交易计算表2月.xls","2026-02","操作量2（兆瓦时） +买入；-卖出","24","23:00-24:00","21.02","False"
"1、交易计算表2月.xls","2026-02","近三天用电量均值","1","00:00-01:00","33","False"
"1、交易计算表2月.xls","2026-02","近三天用电量均值","2","01:00-02:00","34.86","False"
"1、交易计算表2月.xls","2026-02","近三天用电量均值","3","02:00-03:00","29.45","False"
"1、交易计算表2月.xls","2026-02","近三天用电量均值","4","03:00-04:00","33.05","False"
"1、交易计算表2月.xls","2026-02","近三天用电量均值","5","04:00-05:00","35.26","False"
"1、交易计算表2月.xls","2026-02","近三天用电量均值","6","05:00-06:00","43.44","False"
"1、交易计算表2月.xls","2026-02","近三天用电量均值","7","06:00-07:00","77.08","False"
"1、交易计算表2月.xls","2026-02","近三天用电量均值","8","07:00-08:00","88.63","False"
"1、交易计算表2月.xls","2026-02","近三天用电量均值","9","08:00-09:00","90.5","False"
"1、交易计算表2月.xls","2026-02","近三天用电量均值","10","09:00-10:00","92.44","False"
"1、交易计算表2月.xls","2026-02","近三天用电量均值","11","10:00-11:00","80.69","False"
"1、交易计算表2月.xls","2026-02","近三天用电量均值","12","11:00-12:00","85.02","False"
"1、交易计算表2月.xls","2026-02","近三天用电量均值","13","12:00-13:00","83.15","False"
"1、交易计算表2月.xls","2026-02","近三天用电量均值","14","13:00-14:00","71.43","False"
"1、交易计算表2月.xls","2026-02","近三天用电量均值","15","14:00-15:00","89.37","False"
"1、交易计算表2月.xls","2026-02","近三天用电量均值","16","15:00-16:00","73.48","False"
"1、交易计算表2月.xls","2026-02","近三天用电量均值","17","16:00-17:00","89.43","False"
"1、交易计算表2月.xls","2026-02","近三天用电量均值","18","17:00-18:00","86.27","False"
"1、交易计算表2月.xls","2026-02","近三天用电量均值","19","18:00-19:00","93.92","False"
"1、交易计算表2月.xls","2026-02","近三天用电量均值","20","19:00-20:00","89.44","False"
"1、交易计算表2月.xls","2026-02","近三天用电量均值","21","20:00-21:00","79.3","False"
"1、交易计算表2月.xls","2026-02","近三天用电量均值","22","21:00-22:00","78.58","False"
"1、交易计算表2月.xls","2026-02","近三天用电量均值","23","22:00-23:00","72.61","False"
"1、交易计算表2月.xls","2026-02","近三天用电量均值","24","23:00-24:00","57.2","False"
"1、交易计算表2月.xls","2026-02","96点电力值（兆瓦）","1","00:00-01:00","32.85","False"
"1、交易计算表2月.xls","2026-02","96点电力值（兆瓦）","2","01:00-02:00","33.41","False"
"1、交易计算表2月.xls","2026-02","96点电力值（兆瓦）","3","02:00-03:00","28.92","False"
"1、交易计算表2月.xls","2026-02","96点电力值（兆瓦）","4","03:00-04:00","31.69","False"
"1、交易计算表2月.xls","2026-02","96点电力值（兆瓦）","5","04:00-05:00","34.16","False"
"1、交易计算表2月.xls","2026-02","96点电力值（兆瓦）","6","05:00-06:00","43.32","False"
"1、交易计算表2月.xls","2026-02","96点电力值（兆瓦）","7","06:00-07:00","73.81","False"
"1、交易计算表2月.xls","2026-02","96点电力值（兆瓦）","8","07:00-08:00","85.38","False"
"1、交易计算表2月.xls","2026-02","96点电力值（兆瓦）","9","08:00-09:00","87.11","False"
"1、交易计算表2月.xls","2026-02","96点电力值（兆瓦）","10","09:00-10:00","88.64","False"
"1、交易计算表2月.xls","2026-02","96点电力值（兆瓦）","11","10:00-11:00","79.03","False"
"1、交易计算表2月.xls","2026-02","96点电力值（兆瓦）","12","11:00-12:00","81.74","False"
"1、交易计算表2月.xls","2026-02","96点电力值（兆瓦）","13","12:00-13:00","80.65","False"
"1、交易计算表2月.xls","2026-02","96点电力值（兆瓦）","14","13:00-14:00","70.9","False"
"1、交易计算表2月.xls","2026-02","96点电力值（兆瓦）","15","14:00-15:00","85.33","False"
"1、交易计算表2月.xls","2026-02","96点电力值（兆瓦）","16","15:00-16:00","72.93","False"
"1、交易计算表2月.xls","2026-02","96点电力值（兆瓦）","17","16:00-17:00","86.31","False"
"1、交易计算表2月.xls","2026-02","96点电力值（兆瓦）","18","17:00-18:00","83.62","False"
"1、交易计算表2月.xls","2026-02","96点电力值（兆瓦）","19","18:00-19:00","90.25","False"
"1、交易计算表2月.xls","2026-02","96点电力值（兆瓦）","20","19:00-20:00","85.99","False"
"1、交易计算表2月.xls","2026-02","96点电力值（兆瓦）","21","20:00-21:00","77.4","False"
"1、交易计算表2月.xls","2026-02","96点电力值（兆瓦）","22","21:00-22:00","76.06","False"
"1、交易计算表2月.xls","2026-02","96点电力值（兆瓦）","23","22:00-23:00","71.13","False"
"1、交易计算表2月.xls","2026-02","96点电力值（兆瓦）","24","23:00-24:00","56","False"
"1、交易计算表3月.xls","2026-03","日 本时段持仓量（兆瓦时）","1","00:00-01:00","28.188","False"
"1、交易计算表3月.xls","2026-03","日 本时段持仓量（兆瓦时）","2","01:00-02:00","25.441","False"
"1、交易计算表3月.xls","2026-03","日 本时段持仓量（兆瓦时）","3","02:00-03:00","23.282","False"
"1、交易计算表3月.xls","2026-03","日 本时段持仓量（兆瓦时）","4","03:00-04:00","23.38","False"
"1、交易计算表3月.xls","2026-03","日 本时段持仓量（兆瓦时）","5","04:00-05:00","26.324","False"
"1、交易计算表3月.xls","2026-03","日 本时段持仓量（兆瓦时）","6","05:00-06:00","33.68","False"
"1、交易计算表3月.xls","2026-03","日 本时段持仓量（兆瓦时）","7","06:00-07:00","54.174","False"
"1、交易计算表3月.xls","2026-03","日 本时段持仓量（兆瓦时）","8","07:00-08:00","63.633","False"
"1、交易计算表3月.xls","2026-03","日 本时段持仓量（兆瓦时）","9","08:00-09:00","66.378","False"
"1、交易计算表3月.xls","2026-03","日 本时段持仓量（兆瓦时）","10","09:00-10:00","64.672","False"
"1、交易计算表3月.xls","2026-03","日 本时段持仓量（兆瓦时）","11","10:00-11:00","62.393","False"
"1、交易计算表3月.xls","2026-03","日 本时段持仓量（兆瓦时）","12","11:00-12:00","61.398","False"
"1、交易计算表3月.xls","2026-03","日 本时段持仓量（兆瓦时）","13","12:00-13:00","60.612","False"
"1、交易计算表3月.xls","2026-03","日 本时段持仓量（兆瓦时）","14","13:00-14:00","61.413","False"
"1、交易计算表3月.xls","2026-03","日 本时段持仓量（兆瓦时）","15","14:00-15:00","61.229","False"
"1、交易计算表3月.xls","2026-03","日 本时段持仓量（兆瓦时）","16","15:00-16:00","62.76","False"
"1、交易计算表3月.xls","2026-03","日 本时段持仓量（兆瓦时）","17","16:00-17:00","59.809","False"
"1、交易计算表3月.xls","2026-03","日 本时段持仓量（兆瓦时）","18","17:00-18:00","58.272","False"
"1、交易计算表3月.xls","2026-03","日 本时段持仓量（兆瓦时）","19","18:00-19:00","62.686","False"
"1、交易计算表3月.xls","2026-03","日 本时段持仓量（兆瓦时）","20","19:00-20:00","59.547","False"
"1、交易计算表3月.xls","2026-03","日 本时段持仓量（兆瓦时）","21","20:00-21:00","57.847","False"
"1、交易计算表3月.xls","2026-03","日 本时段持仓量（兆瓦时）","22","21:00-22:00","55.132","False"
"1、交易计算表3月.xls","2026-03","日 本时段持仓量（兆瓦时）","23","22:00-23:00","50.162","False"
"1、交易计算表3月.xls","2026-03","日 本时段持仓量（兆瓦时）","24","23:00-24:00","39.829","False"
"1、交易计算表3月.xls","2026-03","操作量1（兆瓦时） +买入；-卖出","1","00:00-01:00","6.71","False"
"1、交易计算表3月.xls","2026-03","操作量1（兆瓦时） +买入；-卖出","2","01:00-02:00","7.82","False"
"1、交易计算表3月.xls","2026-03","操作量1（兆瓦时） +买入；-卖出","3","02:00-03:00","6.97","False"
"1、交易计算表3月.xls","2026-03","操作量1（兆瓦时） +买入；-卖出","4","03:00-04:00","5.49","False"
"1、交易计算表3月.xls","2026-03","操作量1（兆瓦时） +买入；-卖出","5","04:00-05:00","8.88","False"
"1、交易计算表3月.xls","2026-03","操作量1（兆瓦时） +买入；-卖出","6","05:00-06:00","12.91","False"
"1、交易计算表3月.xls","2026-03","操作量1（兆瓦时） +买入；-卖出","7","06:00-07:00","18.77","False"
"1、交易计算表3月.xls","2026-03","操作量1（兆瓦时） +买入；-卖出","8","07:00-08:00","21.17","False"
"1、交易计算表3月.xls","2026-03","操作量1（兆瓦时） +买入；-卖出","9","08:00-09:00","23.25","False"
"1、交易计算表3月.xls","2026-03","操作量1（兆瓦时） +买入；-卖出","10","09:00-10:00","22.77","False"
"1、交易计算表3月.xls","2026-03","操作量1（兆瓦时） +买入；-卖出","11","10:00-11:00","19.87","False"
"1、交易计算表3月.xls","2026-03","操作量1（兆瓦时） +买入；-卖出","12","11:00-12:00","19.77","False"
"1、交易计算表3月.xls","2026-03","操作量1（兆瓦时） +买入；-卖出","13","12:00-13:00","21.17","False"
"1、交易计算表3月.xls","2026-03","操作量1（兆瓦时） +买入；-卖出","14","13:00-14:00","19.07","False"
"1、交易计算表3月.xls","2026-03","操作量1（兆瓦时） +买入；-卖出","15","14:00-15:00","18.72","False"
"1、交易计算表3月.xls","2026-03","操作量1（兆瓦时） +买入；-卖出","16","15:00-16:00","19.53","False"
"1、交易计算表3月.xls","2026-03","操作量1（兆瓦时） +买入；-卖出","17","16:00-17:00","25.64","False"
"1、交易计算表3月.xls","2026-03","操作量1（兆瓦时） +买入；-卖出","18","17:00-18:00","30.68","False"
"1、交易计算表3月.xls","2026-03","操作量1（兆瓦时） +买入；-卖出","19","18:00-19:00","29.08","False"
"1、交易计算表3月.xls","2026-03","操作量1（兆瓦时） +买入；-卖出","20","19:00-20:00","26.91","False"
"1、交易计算表3月.xls","2026-03","操作量1（兆瓦时） +买入；-卖出","21","20:00-21:00","23.75","False"
"1、交易计算表3月.xls","2026-03","操作量1（兆瓦时） +买入；-卖出","22","21:00-22:00","22.63","False"
"1、交易计算表3月.xls","2026-03","操作量1（兆瓦时） +买入；-卖出","23","22:00-23:00","24.58","False"
"1、交易计算表3月.xls","2026-03","操作量1（兆瓦时） +买入；-卖出","24","23:00-24:00","13.54","False"
"1、交易计算表3月.xls","2026-03","日 本时段持仓量（兆瓦时）","1","00:00-01:00","28.188","False"
"1、交易计算表3月.xls","2026-03","日 本时段持仓量（兆瓦时）","2","01:00-02:00","25.441","False"
"1、交易计算表3月.xls","2026-03","日 本时段持仓量（兆瓦时）","3","02:00-03:00","23.282","False"
"1、交易计算表3月.xls","2026-03","日 本时段持仓量（兆瓦时）","4","03:00-04:00","23.38","False"
"1、交易计算表3月.xls","2026-03","日 本时段持仓量（兆瓦时）","5","04:00-05:00","26.324","False"
"1、交易计算表3月.xls","2026-03","日 本时段持仓量（兆瓦时）","6","05:00-06:00","33.68","False"
"1、交易计算表3月.xls","2026-03","日 本时段持仓量（兆瓦时）","7","06:00-07:00","54.174","False"
"1、交易计算表3月.xls","2026-03","日 本时段持仓量（兆瓦时）","8","07:00-08:00","63.633","False"
"1、交易计算表3月.xls","2026-03","日 本时段持仓量（兆瓦时）","9","08:00-09:00","66.378","False"
"1、交易计算表3月.xls","2026-03","日 本时段持仓量（兆瓦时）","10","09:00-10:00","64.672","False"
"1、交易计算表3月.xls","2026-03","日 本时段持仓量（兆瓦时）","11","10:00-11:00","62.393","False"
"1、交易计算表3月.xls","2026-03","日 本时段持仓量（兆瓦时）","12","11:00-12:00","61.398","False"
"1、交易计算表3月.xls","2026-03","日 本时段持仓量（兆瓦时）","13","12:00-13:00","60.612","False"
"1、交易计算表3月.xls","2026-03","日 本时段持仓量（兆瓦时）","14","13:00-14:00","61.413","False"
"1、交易计算表3月.xls","2026-03","日 本时段持仓量（兆瓦时）","15","14:00-15:00","61.229","False"
"1、交易计算表3月.xls","2026-03","日 本时段持仓量（兆瓦时）","16","15:00-16:00","62.76","False"
"1、交易计算表3月.xls","2026-03","日 本时段持仓量（兆瓦时）","17","16:00-17:00","59.809","False"
"1、交易计算表3月.xls","2026-03","日 本时段持仓量（兆瓦时）","18","17:00-18:00","58.272","False"
"1、交易计算表3月.xls","2026-03","日 本时段持仓量（兆瓦时）","19","18:00-19:00","62.686","False"
"1、交易计算表3月.xls","2026-03","日 本时段持仓量（兆瓦时）","20","19:00-20:00","59.547","False"
"1、交易计算表3月.xls","2026-03","日 本时段持仓量（兆瓦时）","21","20:00-21:00","57.847","False"
"1、交易计算表3月.xls","2026-03","日 本时段持仓量（兆瓦时）","22","21:00-22:00","55.132","False"
"1、交易计算表3月.xls","2026-03","日 本时段持仓量（兆瓦时）","23","22:00-23:00","50.162","False"
"1、交易计算表3月.xls","2026-03","日 本时段持仓量（兆瓦时）","24","23:00-24:00","39.829","False"
"1、交易计算表3月.xls","2026-03","操作量2（兆瓦时） +买入；-卖出","1","00:00-01:00","12.47","False"
"1、交易计算表3月.xls","2026-03","操作量2（兆瓦时） +买入；-卖出","2","01:00-02:00","4.85","False"
"1、交易计算表3月.xls","2026-03","操作量2（兆瓦时） +买入；-卖出","3","02:00-03:00","10.68","False"
"1、交易计算表3月.xls","2026-03","操作量2（兆瓦时） +买入；-卖出","4","03:00-04:00","4.26","False"
"1、交易计算表3月.xls","2026-03","操作量2（兆瓦时） +买入；-卖出","5","04:00-05:00","10.19","False"
"1、交易计算表3月.xls","2026-03","操作量2（兆瓦时） +买入；-卖出","6","05:00-06:00","12.32","False"
"1、交易计算表3月.xls","2026-03","操作量2（兆瓦时） +买入；-卖出","7","06:00-07:00","17.46","False"
"1、交易计算表3月.xls","2026-03","操作量2（兆瓦时） +买入；-卖出","8","07:00-08:00","19.01","False"
"1、交易计算表3月.xls","2026-03","操作量2（兆瓦时） +买入；-卖出","9","08:00-09:00","16.02","False"
"1、交易计算表3月.xls","2026-03","操作量2（兆瓦时） +买入；-卖出","10","09:00-10:00","21.48","False"
"1、交易计算表3月.xls","2026-03","操作量2（兆瓦时） +买入；-卖出","11","10:00-11:00","17.19","False"
"1、交易计算表3月.xls","2026-03","操作量2（兆瓦时） +买入；-卖出","12","11:00-12:00","20.56","False"
"1、交易计算表3月.xls","2026-03","操作量2（兆瓦时） +买入；-卖出","13","12:00-13:00","22.35","False"
"1、交易计算表3月.xls","2026-03","操作量2（兆瓦时） +买入；-卖出","14","13:00-14:00","19.98","False"
"1、交易计算表3月.xls","2026-03","操作量2（兆瓦时） +买入；-卖出","15","14:00-15:00","17.37","False"
"1、交易计算表3月.xls","2026-03","操作量2（兆瓦时） +买入；-卖出","16","15:00-16:00","20.07","False"
"1、交易计算表3月.xls","2026-03","操作量2（兆瓦时） +买入；-卖出","17","16:00-17:00","27.51","False"
"1、交易计算表3月.xls","2026-03","操作量2（兆瓦时） +买入；-卖出","18","17:00-18:00","28.15","False"
"1、交易计算表3月.xls","2026-03","操作量2（兆瓦时） +买入；-卖出","19","18:00-19:00","24.57","False"
"1、交易计算表3月.xls","2026-03","操作量2（兆瓦时） +买入；-卖出","20","19:00-20:00","25.74","False"
"1、交易计算表3月.xls","2026-03","操作量2（兆瓦时） +买入；-卖出","21","20:00-21:00","28.03","False"
"1、交易计算表3月.xls","2026-03","操作量2（兆瓦时） +买入；-卖出","22","21:00-22:00","26.88","False"
"1、交易计算表3月.xls","2026-03","操作量2（兆瓦时） +买入；-卖出","23","22:00-23:00","22","False"
"1、交易计算表3月.xls","2026-03","操作量2（兆瓦时） +买入；-卖出","24","23:00-24:00","20.53","False"
"1、交易计算表3月.xls","2026-03","近三天用电量均值","1","00:00-01:00","40.71","False"
"1、交易计算表3月.xls","2026-03","近三天用电量均值","2","01:00-02:00","30.33","False"
"1、交易计算表3月.xls","2026-03","近三天用电量均值","3","02:00-03:00","34.01","False"
"1、交易计算表3月.xls","2026-03","近三天用电量均值","4","03:00-04:00","27.68","False"
"1、交易计算表3月.xls","2026-03","近三天用电量均值","5","04:00-05:00","36.56","False"
"1、交易计算表3月.xls","2026-03","近三天用电量均值","6","05:00-06:00","46.06","False"
"1、交易计算表3月.xls","2026-03","近三天用电量均值","7","06:00-07:00","71.73","False"
"1、交易计算表3月.xls","2026-03","近三天用电量均值","8","07:00-08:00","82.75","False"
"1、交易计算表3月.xls","2026-03","近三天用电量均值","9","08:00-09:00","82.51","False"
"1、交易计算表3月.xls","2026-03","近三天用电量均值","10","09:00-10:00","86.27","False"
"1、交易计算表3月.xls","2026-03","近三天用电量均值","11","10:00-11:00","79.68","False"
"1、交易计算表3月.xls","2026-03","近三天用电量均值","12","11:00-12:00","82.06","False"
"1、交易计算表3月.xls","2026-03","近三天用电量均值","13","12:00-13:00","83.07","False"
"1、交易计算表3月.xls","2026-03","近三天用电量均值","14","13:00-14:00","81.5","False"
"1、交易计算表3月.xls","2026-03","近三天用电量均值","15","14:00-15:00","78.7","False"
"1、交易计算表3月.xls","2026-03","近三天用电量均值","16","15:00-16:00","82.94","False"
"1、交易计算表3月.xls","2026-03","近三天用电量均值","17","16:00-17:00","87.44","False"
"1、交易计算表3月.xls","2026-03","近三天用电量均值","18","17:00-18:00","86.54","False"
"1、交易计算表3月.xls","2026-03","近三天用电量均值","19","18:00-19:00","87.37","False"
"1、交易计算表3月.xls","2026-03","近三天用电量均值","20","19:00-20:00","85.4","False"
"1、交易计算表3月.xls","2026-03","近三天用电量均值","21","20:00-21:00","85.98","False"
"1、交易计算表3月.xls","2026-03","近三天用电量均值","22","21:00-22:00","82.12","False"
"1、交易计算表3月.xls","2026-03","近三天用电量均值","23","22:00-23:00","72.26","False"
"1、交易计算表3月.xls","2026-03","近三天用电量均值","24","23:00-24:00","60.44","False"
"1、交易计算表3月.xls","2026-03","96点电力值（兆瓦）","1","00:00-01:00","39.53","False"
"1、交易计算表3月.xls","2026-03","96点电力值（兆瓦）","2","01:00-02:00","30.9","False"
"1、交易计算表3月.xls","2026-03","96点电力值（兆瓦）","3","02:00-03:00","33.24","False"
"1、交易计算表3月.xls","2026-03","96点电力值（兆瓦）","4","03:00-04:00","27.9","False"
"1、交易计算表3月.xls","2026-03","96点电力值（兆瓦）","5","04:00-05:00","36.27","False"
"1、交易计算表3月.xls","2026-03","96点电力值（兆瓦）","6","05:00-06:00","46.14","False"
"1、交易计算表3月.xls","2026-03","96点电力值（兆瓦）","7","06:00-07:00","71.93","False"
"1、交易计算表3月.xls","2026-03","96点电力值（兆瓦）","8","07:00-08:00","83.12","False"
"1、交易计算表3月.xls","2026-03","96点电力值（兆瓦）","9","08:00-09:00","83.89","False"
"1、交易计算表3月.xls","2026-03","96点电力值（兆瓦）","10","09:00-10:00","86.46","False"
"1、交易计算表3月.xls","2026-03","96点电力值（兆瓦）","11","10:00-11:00","80.16","False"
"1、交易计算表3月.xls","2026-03","96点电力值（兆瓦）","12","11:00-12:00","81.84","False"
"1、交易计算表3月.xls","2026-03","96点电力值（兆瓦）","13","12:00-13:00","82.77","False"
"1、交易计算表3月.xls","2026-03","96点电力值（兆瓦）","14","13:00-14:00","81.26","False"
"1、交易计算表3月.xls","2026-03","96点电力值（兆瓦）","15","14:00-15:00","78.91","False"
"1、交易计算表3月.xls","2026-03","96点电力值（兆瓦）","16","15:00-16:00","82.77","False"
"1、交易计算表3月.xls","2026-03","96点电力值（兆瓦）","17","16:00-17:00","86.99","False"
"1、交易计算表3月.xls","2026-03","96点电力值（兆瓦）","18","17:00-18:00","86.98","False"
"1、交易计算表3月.xls","2026-03","96点电力值（兆瓦）","19","18:00-19:00","88.21","False"
"1、交易计算表3月.xls","2026-03","96点电力值（兆瓦）","20","19:00-20:00","85.57","False"
"1、交易计算表3月.xls","2026-03","96点电力值（兆瓦）","21","20:00-21:00","85.06","False"
"1、交易计算表3月.xls","2026-03","96点电力值（兆瓦）","22","21:00-22:00","81.21","False"
"1、交易计算表3月.xls","2026-03","96点电力值（兆瓦）","23","22:00-23:00","72.72","False"
"1、交易计算表3月.xls","2026-03","96点电力值（兆瓦）","24","23:00-24:00","58.99","False"
"1、交易计算表4月.xls","2026-04","日 本时段持仓量（兆瓦时）","1","00:00-01:00","28.188","False"
"1、交易计算表4月.xls","2026-04","日 本时段持仓量（兆瓦时）","2","01:00-02:00","25.441","False"
"1、交易计算表4月.xls","2026-04","日 本时段持仓量（兆瓦时）","3","02:00-03:00","23.282","False"
"1、交易计算表4月.xls","2026-04","日 本时段持仓量（兆瓦时）","4","03:00-04:00","23.38","False"
"1、交易计算表4月.xls","2026-04","日 本时段持仓量（兆瓦时）","5","04:00-05:00","26.324","False"
"1、交易计算表4月.xls","2026-04","日 本时段持仓量（兆瓦时）","6","05:00-06:00","33.68","False"
"1、交易计算表4月.xls","2026-04","日 本时段持仓量（兆瓦时）","7","06:00-07:00","54.174","False"
"1、交易计算表4月.xls","2026-04","日 本时段持仓量（兆瓦时）","8","07:00-08:00","63.633","False"
"1、交易计算表4月.xls","2026-04","日 本时段持仓量（兆瓦时）","9","08:00-09:00","66.378","False"
"1、交易计算表4月.xls","2026-04","日 本时段持仓量（兆瓦时）","10","09:00-10:00","64.672","False"
"1、交易计算表4月.xls","2026-04","日 本时段持仓量（兆瓦时）","11","10:00-11:00","62.393","False"
"1、交易计算表4月.xls","2026-04","日 本时段持仓量（兆瓦时）","12","11:00-12:00","61.398","False"
"1、交易计算表4月.xls","2026-04","日 本时段持仓量（兆瓦时）","13","12:00-13:00","60.612","False"
"1、交易计算表4月.xls","2026-04","日 本时段持仓量（兆瓦时）","14","13:00-14:00","61.413","False"
"1、交易计算表4月.xls","2026-04","日 本时段持仓量（兆瓦时）","15","14:00-15:00","61.229","False"
"1、交易计算表4月.xls","2026-04","日 本时段持仓量（兆瓦时）","16","15:00-16:00","62.76","False"
"1、交易计算表4月.xls","2026-04","日 本时段持仓量（兆瓦时）","17","16:00-17:00","59.809","False"
"1、交易计算表4月.xls","2026-04","日 本时段持仓量（兆瓦时）","18","17:00-18:00","58.272","False"
"1、交易计算表4月.xls","2026-04","日 本时段持仓量（兆瓦时）","19","18:00-19:00","62.686","False"
"1、交易计算表4月.xls","2026-04","日 本时段持仓量（兆瓦时）","20","19:00-20:00","59.547","False"
"1、交易计算表4月.xls","2026-04","日 本时段持仓量（兆瓦时）","21","20:00-21:00","57.847","False"
"1、交易计算表4月.xls","2026-04","日 本时段持仓量（兆瓦时）","22","21:00-22:00","55.132","False"
"1、交易计算表4月.xls","2026-04","日 本时段持仓量（兆瓦时）","23","22:00-23:00","50.162","False"
"1、交易计算表4月.xls","2026-04","日 本时段持仓量（兆瓦时）","24","23:00-24:00","39.829","False"
"1、交易计算表4月.xls","2026-04","操作量1（兆瓦时） +买入；-卖出","1","00:00-01:00","6.85","False"
"1、交易计算表4月.xls","2026-04","操作量1（兆瓦时） +买入；-卖出","2","01:00-02:00","5.28","False"
"1、交易计算表4月.xls","2026-04","操作量1（兆瓦时） +买入；-卖出","3","02:00-03:00","6.84","False"
"1、交易计算表4月.xls","2026-04","操作量1（兆瓦时） +买入；-卖出","4","03:00-04:00","5.79","False"
"1、交易计算表4月.xls","2026-04","操作量1（兆瓦时） +买入；-卖出","5","04:00-05:00","7.38","False"
"1、交易计算表4月.xls","2026-04","操作量1（兆瓦时） +买入；-卖出","6","05:00-06:00","11.32","False"
"1、交易计算表4月.xls","2026-04","操作量1（兆瓦时） +买入；-卖出","7","06:00-07:00","15.86","False"
"1、交易计算表4月.xls","2026-04","操作量1（兆瓦时） +买入；-卖出","8","07:00-08:00","21.95","False"
"1、交易计算表4月.xls","2026-04","操作量1（兆瓦时） +买入；-卖出","9","08:00-09:00","20.68","False"
"1、交易计算表4月.xls","2026-04","操作量1（兆瓦时） +买入；-卖出","10","09:00-10:00","21.88","False"
"1、交易计算表4月.xls","2026-04","操作量1（兆瓦时） +买入；-卖出","11","10:00-11:00","19.91","False"
"1、交易计算表4月.xls","2026-04","操作量1（兆瓦时） +买入；-卖出","12","11:00-12:00","18.35","False"
"1、交易计算表4月.xls","2026-04","操作量1（兆瓦时） +买入；-卖出","13","12:00-13:00","20.15","False"
"1、交易计算表4月.xls","2026-04","操作量1（兆瓦时） +买入；-卖出","14","13:00-14:00","19.28","False"
"1、交易计算表4月.xls","2026-04","操作量1（兆瓦时） +买入；-卖出","15","14:00-15:00","19.49","False"
"1、交易计算表4月.xls","2026-04","操作量1（兆瓦时） +买入；-卖出","16","15:00-16:00","18.69","False"
"1、交易计算表4月.xls","2026-04","操作量1（兆瓦时） +买入；-卖出","17","16:00-17:00","25.39","False"
"1、交易计算表4月.xls","2026-04","操作量1（兆瓦时） +买入；-卖出","18","17:00-18:00","30.38","False"
"1、交易计算表4月.xls","2026-04","操作量1（兆瓦时） +买入；-卖出","19","18:00-19:00","29.52","False"
"1、交易计算表4月.xls","2026-04","操作量1（兆瓦时） +买入；-卖出","20","19:00-20:00","27.5","False"
"1、交易计算表4月.xls","2026-04","操作量1（兆瓦时） +买入；-卖出","21","20:00-21:00","23.72","False"
"1、交易计算表4月.xls","2026-04","操作量1（兆瓦时） +买入；-卖出","22","21:00-22:00","22.06","False"
"1、交易计算表4月.xls","2026-04","操作量1（兆瓦时） +买入；-卖出","23","22:00-23:00","23.55","False"
"1、交易计算表4月.xls","2026-04","操作量1（兆瓦时） +买入；-卖出","24","23:00-24:00","14.95","False"
"1、交易计算表4月.xls","2026-04","日 本时段持仓量（兆瓦时）","1","00:00-01:00","28.188","False"
"1、交易计算表4月.xls","2026-04","日 本时段持仓量（兆瓦时）","2","01:00-02:00","25.441","False"
"1、交易计算表4月.xls","2026-04","日 本时段持仓量（兆瓦时）","3","02:00-03:00","23.282","False"
"1、交易计算表4月.xls","2026-04","日 本时段持仓量（兆瓦时）","4","03:00-04:00","23.38","False"
"1、交易计算表4月.xls","2026-04","日 本时段持仓量（兆瓦时）","5","04:00-05:00","26.324","False"
"1、交易计算表4月.xls","2026-04","日 本时段持仓量（兆瓦时）","6","05:00-06:00","33.68","False"
"1、交易计算表4月.xls","2026-04","日 本时段持仓量（兆瓦时）","7","06:00-07:00","54.174","False"
"1、交易计算表4月.xls","2026-04","日 本时段持仓量（兆瓦时）","8","07:00-08:00","63.633","False"
"1、交易计算表4月.xls","2026-04","日 本时段持仓量（兆瓦时）","9","08:00-09:00","66.378","False"
"1、交易计算表4月.xls","2026-04","日 本时段持仓量（兆瓦时）","10","09:00-10:00","64.672","False"
"1、交易计算表4月.xls","2026-04","日 本时段持仓量（兆瓦时）","11","10:00-11:00","62.393","False"
"1、交易计算表4月.xls","2026-04","日 本时段持仓量（兆瓦时）","12","11:00-12:00","61.398","False"
"1、交易计算表4月.xls","2026-04","日 本时段持仓量（兆瓦时）","13","12:00-13:00","60.612","False"
"1、交易计算表4月.xls","2026-04","日 本时段持仓量（兆瓦时）","14","13:00-14:00","61.413","False"
"1、交易计算表4月.xls","2026-04","日 本时段持仓量（兆瓦时）","15","14:00-15:00","61.229","False"
"1、交易计算表4月.xls","2026-04","日 本时段持仓量（兆瓦时）","16","15:00-16:00","62.76","False"
"1、交易计算表4月.xls","2026-04","日 本时段持仓量（兆瓦时）","17","16:00-17:00","59.809","False"
"1、交易计算表4月.xls","2026-04","日 本时段持仓量（兆瓦时）","18","17:00-18:00","58.272","False"
"1、交易计算表4月.xls","2026-04","日 本时段持仓量（兆瓦时）","19","18:00-19:00","62.686","False"
"1、交易计算表4月.xls","2026-04","日 本时段持仓量（兆瓦时）","20","19:00-20:00","59.547","False"
"1、交易计算表4月.xls","2026-04","日 本时段持仓量（兆瓦时）","21","20:00-21:00","57.847","False"
"1、交易计算表4月.xls","2026-04","日 本时段持仓量（兆瓦时）","22","21:00-22:00","55.132","False"
"1、交易计算表4月.xls","2026-04","日 本时段持仓量（兆瓦时）","23","22:00-23:00","50.162","False"
"1、交易计算表4月.xls","2026-04","日 本时段持仓量（兆瓦时）","24","23:00-24:00","39.829","False"
"1、交易计算表4月.xls","2026-04","操作量2（兆瓦时） +买入；-卖出","1","00:00-01:00","5.98","False"
"1、交易计算表4月.xls","2026-04","操作量2（兆瓦时） +买入；-卖出","2","01:00-02:00","8.04","False"
"1、交易计算表4月.xls","2026-04","操作量2（兆瓦时） +买入；-卖出","3","02:00-03:00","-0.29","False"
"1、交易计算表4月.xls","2026-04","操作量2（兆瓦时） +买入；-卖出","4","03:00-04:00","13.17","False"
"1、交易计算表4月.xls","2026-04","操作量2（兆瓦时） +买入；-卖出","5","04:00-05:00","4.6","False"
"1、交易计算表4月.xls","2026-04","操作量2（兆瓦时） +买入；-卖出","6","05:00-06:00","11.27","False"
"1、交易计算表4月.xls","2026-04","操作量2（兆瓦时） +买入；-卖出","7","06:00-07:00","20.07","False"
"1、交易计算表4月.xls","2026-04","操作量2（兆瓦时） +买入；-卖出","8","07:00-08:00","15.16","False"
"1、交易计算表4月.xls","2026-04","操作量2（兆瓦时） +买入；-卖出","9","08:00-09:00","24.94","False"
"1、交易计算表4月.xls","2026-04","操作量2（兆瓦时） +买入；-卖出","10","09:00-10:00","21.87","False"
"1、交易计算表4月.xls","2026-04","操作量2（兆瓦时） +买入；-卖出","11","10:00-11:00","17.55","False"
"1、交易计算表4月.xls","2026-04","操作量2（兆瓦时） +买入；-卖出","12","11:00-12:00","15.95","False"
"1、交易计算表4月.xls","2026-04","操作量2（兆瓦时） +买入；-卖出","13","12:00-13:00","21.81","False"
"1、交易计算表4月.xls","2026-04","操作量2（兆瓦时） +买入；-卖出","14","13:00-14:00","19.67","False"
"1、交易计算表4月.xls","2026-04","操作量2（兆瓦时） +买入；-卖出","15","14:00-15:00","23.06","False"
"1、交易计算表4月.xls","2026-04","操作量2（兆瓦时） +买入；-卖出","16","15:00-16:00","17.34","False"
"1、交易计算表4月.xls","2026-04","操作量2（兆瓦时） +买入；-卖出","17","16:00-17:00","21.14","False"
"1、交易计算表4月.xls","2026-04","操作量2（兆瓦时） +买入；-卖出","18","17:00-18:00","34.15","False"
"1、交易计算表4月.xls","2026-04","操作量2（兆瓦时） +买入；-卖出","19","18:00-19:00","30.68","False"
"1、交易计算表4月.xls","2026-04","操作量2（兆瓦时） +买入；-卖出","20","19:00-20:00","27.71","False"
"1、交易计算表4月.xls","2026-04","操作量2（兆瓦时） +买入；-卖出","21","20:00-21:00","25.1","False"
"1、交易计算表4月.xls","2026-04","操作量2（兆瓦时） +买入；-卖出","22","21:00-22:00","19.36","False"
"1、交易计算表4月.xls","2026-04","操作量2（兆瓦时） +买入；-卖出","23","22:00-23:00","25.98","False"
"1、交易计算表4月.xls","2026-04","操作量2（兆瓦时） +买入；-卖出","24","23:00-24:00","12.44","False"
"1、交易计算表4月.xls","2026-04","近三天用电量均值","1","00:00-01:00","34.4","False"
"1、交易计算表4月.xls","2026-04","近三天用电量均值","2","01:00-02:00","33.72","False"
"1、交易计算表4月.xls","2026-04","近三天用电量均值","3","02:00-03:00","23.15","False"
"1、交易计算表4月.xls","2026-04","近三天用电量均值","4","03:00-04:00","36.81","False"
"1、交易计算表4月.xls","2026-04","近三天用电量均值","5","04:00-05:00","31.14","False"
"1、交易计算表4月.xls","2026-04","近三天用电量均值","6","05:00-06:00","45.27","False"
"1、交易计算表4月.xls","2026-04","近三天用电量均值","7","06:00-07:00","74.77","False"
"1、交易计算表4月.xls","2026-04","近三天用电量均值","8","07:00-08:00","79.35","False"
"1、交易计算表4月.xls","2026-04","近三天用电量均值","9","08:00-09:00","91.96","False"
"1、交易计算表4月.xls","2026-04","近三天用电量均值","10","09:00-10:00","87.16","False"
"1、交易计算表4月.xls","2026-04","近三天用电量均值","11","10:00-11:00","80.51","False"
"1、交易计算表4月.xls","2026-04","近三天用电量均值","12","11:00-12:00","77.89","False"
"1、交易计算表4月.xls","2026-04","近三天用电量均值","13","12:00-13:00","83","False"
"1、交易计算表4月.xls","2026-04","近三天用电量均值","14","13:00-14:00","81.65","False"
"1、交易计算表4月.xls","2026-04","近三天用电量均值","15","14:00-15:00","84.88","False"
"1、交易计算表4月.xls","2026-04","近三天用电量均值","16","15:00-16:00","80.67","False"
"1、交易计算表4月.xls","2026-04","近三天用电量均值","17","16:00-17:00","81.52","False"
"1、交易计算表4月.xls","2026-04","近三天用电量均值","18","17:00-18:00","93.07","False"
"1、交易计算表4月.xls","2026-04","近三天用电量均值","19","18:00-19:00","94.02","False"
"1、交易计算表4月.xls","2026-04","近三天用电量均值","20","19:00-20:00","87.87","False"
"1、交易计算表4月.xls","2026-04","近三天用电量均值","21","20:00-21:00","83.54","False"
"1、交易计算表4月.xls","2026-04","近三天用电量均值","22","21:00-22:00","75.02","False"
"1、交易计算表4月.xls","2026-04","近三天用电量均值","23","22:00-23:00","76.68","False"
"1、交易计算表4月.xls","2026-04","近三天用电量均值","24","23:00-24:00","52.64","False"
"1、交易计算表4月.xls","2026-04","96点电力值（兆瓦）","1","00:00-01:00","34.44","False"
"1、交易计算表4月.xls","2026-04","96点电力值（兆瓦）","2","01:00-02:00","33.03","False"
"1、交易计算表4月.xls","2026-04","96点电力值（兆瓦）","3","02:00-03:00","24.48","False"
"1、交易计算表4月.xls","2026-04","96点电力值（兆瓦）","4","03:00-04:00","35.18","False"
"1、交易计算表4月.xls","2026-04","96点电力值（兆瓦）","5","04:00-05:00","31.57","False"
"1、交易计算表4月.xls","2026-04","96点电力值（兆瓦）","6","05:00-06:00","45.09","False"
"1、交易计算表4月.xls","2026-04","96点电力值（兆瓦）","7","06:00-07:00","73.61","False"
"1、交易计算表4月.xls","2026-04","96点电力值（兆瓦）","8","07:00-08:00","80.38","False"
"1、交易计算表4月.xls","2026-04","96点电力值（兆瓦）","9","08:00-09:00","90.73","False"
"1、交易计算表4月.xls","2026-04","96点电力值（兆瓦）","10","09:00-10:00","86.79","False"
"1、交易计算表4月.xls","2026-04","96点电力值（兆瓦）","11","10:00-11:00","80.64","False"
"1、交易计算表4月.xls","2026-04","96点电力值（兆瓦）","12","11:00-12:00","78.04","False"
"1、交易计算表4月.xls","2026-04","96点电力值（兆瓦）","13","12:00-13:00","82.32","False"
"1、交易计算表4月.xls","2026-04","96点电力值（兆瓦）","14","13:00-14:00","81.23","False"
"1、交易计算表4月.xls","2026-04","96点电力值（兆瓦）","15","14:00-15:00","83.81","False"
"1、交易计算表4月.xls","2026-04","96点电力值（兆瓦）","16","15:00-16:00","80.6","False"
"1、交易计算表4月.xls","2026-04","96点电力值（兆瓦）","17","16:00-17:00","82.03","False"
"1、交易计算表4月.xls","2026-04","96点电力值（兆瓦）","18","17:00-18:00","91.93","False"
"1、交易计算表4月.xls","2026-04","96点电力值（兆瓦）","19","18:00-19:00","93.4","False"
"1、交易计算表4月.xls","2026-04","96点电力值（兆瓦）","20","19:00-20:00","87.46","False"
"1、交易计算表4月.xls","2026-04","96点电力值（兆瓦）","21","20:00-21:00","82.91","False"
"1、交易计算表4月.xls","2026-04","96点电力值（兆瓦）","22","21:00-22:00","75.25","False"
"1、交易计算表4月.xls","2026-04","96点电力值（兆瓦）","23","22:00-23:00","75.87","False"
"1、交易计算表4月.xls","2026-04","96点电力值（兆瓦）","24","23:00-24:00","52.92","False"
"1、交易计算表5月.xls","2026-05","日 本时段持仓量（兆瓦时）","1","00:00-01:00","28.188","False"
"1、交易计算表5月.xls","2026-05","日 本时段持仓量（兆瓦时）","2","01:00-02:00","25.441","False"
"1、交易计算表5月.xls","2026-05","日 本时段持仓量（兆瓦时）","3","02:00-03:00","23.282","False"
"1、交易计算表5月.xls","2026-05","日 本时段持仓量（兆瓦时）","4","03:00-04:00","23.38","False"
"1、交易计算表5月.xls","2026-05","日 本时段持仓量（兆瓦时）","5","04:00-05:00","26.324","False"
"1、交易计算表5月.xls","2026-05","日 本时段持仓量（兆瓦时）","6","05:00-06:00","33.68","False"
"1、交易计算表5月.xls","2026-05","日 本时段持仓量（兆瓦时）","7","06:00-07:00","54.174","False"
"1、交易计算表5月.xls","2026-05","日 本时段持仓量（兆瓦时）","8","07:00-08:00","63.633","False"
"1、交易计算表5月.xls","2026-05","日 本时段持仓量（兆瓦时）","9","08:00-09:00","66.378","False"
"1、交易计算表5月.xls","2026-05","日 本时段持仓量（兆瓦时）","10","09:00-10:00","64.672","False"
"1、交易计算表5月.xls","2026-05","日 本时段持仓量（兆瓦时）","11","10:00-11:00","62.393","False"
"1、交易计算表5月.xls","2026-05","日 本时段持仓量（兆瓦时）","12","11:00-12:00","61.398","False"
"1、交易计算表5月.xls","2026-05","日 本时段持仓量（兆瓦时）","13","12:00-13:00","60.612","False"
"1、交易计算表5月.xls","2026-05","日 本时段持仓量（兆瓦时）","14","13:00-14:00","61.413","False"
"1、交易计算表5月.xls","2026-05","日 本时段持仓量（兆瓦时）","15","14:00-15:00","61.229","False"
"1、交易计算表5月.xls","2026-05","日 本时段持仓量（兆瓦时）","16","15:00-16:00","62.76","False"
"1、交易计算表5月.xls","2026-05","日 本时段持仓量（兆瓦时）","17","16:00-17:00","59.809","False"
"1、交易计算表5月.xls","2026-05","日 本时段持仓量（兆瓦时）","18","17:00-18:00","58.272","False"
"1、交易计算表5月.xls","2026-05","日 本时段持仓量（兆瓦时）","19","18:00-19:00","62.686","False"
"1、交易计算表5月.xls","2026-05","日 本时段持仓量（兆瓦时）","20","19:00-20:00","59.547","False"
"1、交易计算表5月.xls","2026-05","日 本时段持仓量（兆瓦时）","21","20:00-21:00","57.847","False"
"1、交易计算表5月.xls","2026-05","日 本时段持仓量（兆瓦时）","22","21:00-22:00","55.132","False"
"1、交易计算表5月.xls","2026-05","日 本时段持仓量（兆瓦时）","23","22:00-23:00","50.162","False"
"1、交易计算表5月.xls","2026-05","日 本时段持仓量（兆瓦时）","24","23:00-24:00","39.829","False"
"1、交易计算表5月.xls","2026-05","操作量1（兆瓦时） +买入；-卖出","1","00:00-01:00","26.03","False"
"1、交易计算表5月.xls","2026-05","操作量1（兆瓦时） +买入；-卖出","2","01:00-02:00","7.01","False"
"1、交易计算表5月.xls","2026-05","操作量1（兆瓦时） +买入；-卖出","3","02:00-03:00","5.56","False"
"1、交易计算表5月.xls","2026-05","操作量1（兆瓦时） +买入；-卖出","4","03:00-04:00","3.45","False"
"1、交易计算表5月.xls","2026-05","操作量1（兆瓦时） +买入；-卖出","5","04:00-05:00","10.81","False"
"1、交易计算表5月.xls","2026-05","操作量1（兆瓦时） +买入；-卖出","6","05:00-06:00","10.75","False"
"1、交易计算表5月.xls","2026-05","操作量1（兆瓦时） +买入；-卖出","7","06:00-07:00","12.09","False"
"1、交易计算表5月.xls","2026-05","操作量1（兆瓦时） +买入；-卖出","8","07:00-08:00","16.48","False"
"1、交易计算表5月.xls","2026-05","操作量1（兆瓦时） +买入；-卖出","9","08:00-09:00","9.77","False"
"1、交易计算表5月.xls","2026-05","操作量1（兆瓦时） +买入；-卖出","10","09:00-10:00","19.7","False"
"1、交易计算表5月.xls","2026-05","操作量1（兆瓦时） +买入；-卖出","11","10:00-11:00","25.08","False"
"1、交易计算表5月.xls","2026-05","操作量1（兆瓦时） +买入；-卖出","12","11:00-12:00","21.55","False"
"1、交易计算表5月.xls","2026-05","操作量1（兆瓦时） +买入；-卖出","13","12:00-13:00","30.33","False"
"1、交易计算表5月.xls","2026-05","操作量1（兆瓦时） +买入；-卖出","14","13:00-14:00","20.86","False"
"1、交易计算表5月.xls","2026-05","操作量1（兆瓦时） +买入；-卖出","15","14:00-15:00","28.37","False"
"1、交易计算表5月.xls","2026-05","操作量1（兆瓦时） +买入；-卖出","16","15:00-16:00","27.79","False"
"1、交易计算表5月.xls","2026-05","操作量1（兆瓦时） +买入；-卖出","17","16:00-17:00","30","False"
"1、交易计算表5月.xls","2026-05","操作量1（兆瓦时） +买入；-卖出","18","17:00-18:00","33.03","False"
"1、交易计算表5月.xls","2026-05","操作量1（兆瓦时） +买入；-卖出","19","18:00-19:00","30.71","False"
"1、交易计算表5月.xls","2026-05","操作量1（兆瓦时） +买入；-卖出","20","19:00-20:00","29.39","False"
"1、交易计算表5月.xls","2026-05","操作量1（兆瓦时） +买入；-卖出","21","20:00-21:00","29.62","False"
"1、交易计算表5月.xls","2026-05","操作量1（兆瓦时） +买入；-卖出","22","21:00-22:00","31.11","False"
"1、交易计算表5月.xls","2026-05","操作量1（兆瓦时） +买入；-卖出","23","22:00-23:00","34.7","False"
"1、交易计算表5月.xls","2026-05","操作量1（兆瓦时） +买入；-卖出","24","23:00-24:00","26.12","False"
"1、交易计算表5月.xls","2026-05","日 本时段持仓量（兆瓦时）","1","00:00-01:00","28.188","False"
"1、交易计算表5月.xls","2026-05","日 本时段持仓量（兆瓦时）","2","01:00-02:00","25.441","False"
"1、交易计算表5月.xls","2026-05","日 本时段持仓量（兆瓦时）","3","02:00-03:00","23.282","False"
"1、交易计算表5月.xls","2026-05","日 本时段持仓量（兆瓦时）","4","03:00-04:00","23.38","False"
"1、交易计算表5月.xls","2026-05","日 本时段持仓量（兆瓦时）","5","04:00-05:00","26.324","False"
"1、交易计算表5月.xls","2026-05","日 本时段持仓量（兆瓦时）","6","05:00-06:00","33.68","False"
"1、交易计算表5月.xls","2026-05","日 本时段持仓量（兆瓦时）","7","06:00-07:00","54.174","False"
"1、交易计算表5月.xls","2026-05","日 本时段持仓量（兆瓦时）","8","07:00-08:00","63.633","False"
"1、交易计算表5月.xls","2026-05","日 本时段持仓量（兆瓦时）","9","08:00-09:00","66.378","False"
"1、交易计算表5月.xls","2026-05","日 本时段持仓量（兆瓦时）","10","09:00-10:00","64.672","False"
"1、交易计算表5月.xls","2026-05","日 本时段持仓量（兆瓦时）","11","10:00-11:00","62.393","False"
"1、交易计算表5月.xls","2026-05","日 本时段持仓量（兆瓦时）","12","11:00-12:00","61.398","False"
"1、交易计算表5月.xls","2026-05","日 本时段持仓量（兆瓦时）","13","12:00-13:00","60.612","False"
"1、交易计算表5月.xls","2026-05","日 本时段持仓量（兆瓦时）","14","13:00-14:00","61.413","False"
"1、交易计算表5月.xls","2026-05","日 本时段持仓量（兆瓦时）","15","14:00-15:00","61.229","False"
"1、交易计算表5月.xls","2026-05","日 本时段持仓量（兆瓦时）","16","15:00-16:00","62.76","False"
"1、交易计算表5月.xls","2026-05","日 本时段持仓量（兆瓦时）","17","16:00-17:00","59.809","False"
"1、交易计算表5月.xls","2026-05","日 本时段持仓量（兆瓦时）","18","17:00-18:00","58.272","False"
"1、交易计算表5月.xls","2026-05","日 本时段持仓量（兆瓦时）","19","18:00-19:00","62.686","False"
"1、交易计算表5月.xls","2026-05","日 本时段持仓量（兆瓦时）","20","19:00-20:00","59.547","False"
"1、交易计算表5月.xls","2026-05","日 本时段持仓量（兆瓦时）","21","20:00-21:00","57.847","False"
"1、交易计算表5月.xls","2026-05","日 本时段持仓量（兆瓦时）","22","21:00-22:00","55.132","False"
"1、交易计算表5月.xls","2026-05","日 本时段持仓量（兆瓦时）","23","22:00-23:00","50.162","False"
"1、交易计算表5月.xls","2026-05","日 本时段持仓量（兆瓦时）","24","23:00-24:00","39.829","False"
"1、交易计算表5月.xls","2026-05","操作量2（兆瓦时） +买入；-卖出","1","00:00-01:00","25.73","False"
"1、交易计算表5月.xls","2026-05","操作量2（兆瓦时） +买入；-卖出","2","01:00-02:00","5.92","False"
"1、交易计算表5月.xls","2026-05","操作量2（兆瓦时） +买入；-卖出","3","02:00-03:00","7.52","False"
"1、交易计算表5月.xls","2026-05","操作量2（兆瓦时） +买入；-卖出","4","03:00-04:00","5.14","False"
"1、交易计算表5月.xls","2026-05","操作量2（兆瓦时） +买入；-卖出","5","04:00-05:00","7.4","False"
"1、交易计算表5月.xls","2026-05","操作量2（兆瓦时） +买入；-卖出","6","05:00-06:00","10.1","False"
"1、交易计算表5月.xls","2026-05","操作量2（兆瓦时） +买入；-卖出","7","06:00-07:00","16.82","False"
"1、交易计算表5月.xls","2026-05","操作量2（兆瓦时） +买入；-卖出","8","07:00-08:00","18.32","False"
"1、交易计算表5月.xls","2026-05","操作量2（兆瓦时） +买入；-卖出","9","08:00-09:00","8.86","False"
"1、交易计算表5月.xls","2026-05","操作量2（兆瓦时） +买入；-卖出","10","09:00-10:00","20.15","False"
"1、交易计算表5月.xls","2026-05","操作量2（兆瓦时） +买入；-卖出","11","10:00-11:00","26.84","False"
"1、交易计算表5月.xls","2026-05","操作量2（兆瓦时） +买入；-卖出","12","11:00-12:00","21.01","False"
"1、交易计算表5月.xls","2026-05","操作量2（兆瓦时） +买入；-卖出","13","12:00-13:00","29.91","False"
"1、交易计算表5月.xls","2026-05","操作量2（兆瓦时） +买入；-卖出","14","13:00-14:00","17.13","False"
"1、交易计算表5月.xls","2026-05","操作量2（兆瓦时） +买入；-卖出","15","14:00-15:00","31.52","False"
"1、交易计算表5月.xls","2026-05","操作量2（兆瓦时） +买入；-卖出","16","15:00-16:00","25.91","False"
"1、交易计算表5月.xls","2026-05","操作量2（兆瓦时） +买入；-卖出","17","16:00-17:00","29.77","False"
"1、交易计算表5月.xls","2026-05","操作量2（兆瓦时） +买入；-卖出","18","17:00-18:00","30.81","False"
"1、交易计算表5月.xls","2026-05","操作量2（兆瓦时） +买入；-卖出","19","18:00-19:00","33.25","False"
"1、交易计算表5月.xls","2026-05","操作量2（兆瓦时） +买入；-卖出","20","19:00-20:00","27.29","False"
"1、交易计算表5月.xls","2026-05","操作量2（兆瓦时） +买入；-卖出","21","20:00-21:00","29.15","False"
"1、交易计算表5月.xls","2026-05","操作量2（兆瓦时） +买入；-卖出","22","21:00-22:00","31.13","False"
"1、交易计算表5月.xls","2026-05","操作量2（兆瓦时） +买入；-卖出","23","22:00-23:00","36.02","False"
"1、交易计算表5月.xls","2026-05","操作量2（兆瓦时） +买入；-卖出","24","23:00-24:00","24.64","False"
"1、交易计算表5月.xls","2026-05","近三天用电量均值","1","00:00-01:00","54.42","False"
"1、交易计算表5月.xls","2026-05","近三天用电量均值","2","01:00-02:00","31.65","False"
"1、交易计算表5月.xls","2026-05","近三天用电量均值","3","02:00-03:00","31.1","False"
"1、交易计算表5月.xls","2026-05","近三天用电量均值","4","03:00-04:00","28.78","False"
"1、交易计算表5月.xls","2026-05","近三天用电量均值","5","04:00-05:00","34.04","False"
"1、交易计算表5月.xls","2026-05","近三天用电量均值","6","05:00-06:00","44.19","False"
"1、交易计算表5月.xls","2026-05","近三天用电量均值","7","06:00-07:00","71.66","False"
"1、交易计算表5月.xls","2026-05","近三天用电量均值","8","07:00-08:00","82.72","False"
"1、交易计算表5月.xls","2026-05","近三天用电量均值","9","08:00-09:00","75.94","False"
"1、交易计算表5月.xls","2026-05","近三天用电量均值","10","09:00-10:00","85.61","False"
"1、交易计算表5月.xls","2026-05","近三天用电量均值","11","10:00-11:00","90.07","False"
"1、交易计算表5月.xls","2026-05","近三天用电量均值","12","11:00-12:00","83.18","False"
"1、交易计算表5月.xls","2026-05","近三天用电量均值","13","12:00-13:00","91.37","False"
"1、交易计算表5月.xls","2026-05","近三天用电量均值","14","13:00-14:00","79.28","False"
"1、交易计算表5月.xls","2026-05","近三天用电量均值","15","14:00-15:00","93.62","False"
"1、交易计算表5月.xls","2026-05","近三天用电量均值","16","15:00-16:00","89.5","False"
"1、交易计算表5月.xls","2026-05","近三天用电量均值","17","16:00-17:00","90.42","False"
"1、交易计算表5月.xls","2026-05","近三天用电量均值","18","17:00-18:00","89.92","False"
"1、交易计算表5月.xls","2026-05","近三天用电量均值","19","18:00-19:00","96.84","False"
"1、交易计算表5月.xls","2026-05","近三天用电量均值","20","19:00-20:00","87.65","False"
"1、交易计算表5月.xls","2026-05","近三天用电量均值","21","20:00-21:00","87.82","False"
"1、交易计算表5月.xls","2026-05","近三天用电量均值","22","21:00-22:00","87.07","False"
"1、交易计算表5月.xls","2026-05","近三天用电量均值","23","22:00-23:00","86.99","False"
"1、交易计算表5月.xls","2026-05","近三天用电量均值","24","23:00-24:00","65.07","False"
"1、交易计算表5月.xls","2026-05","96点电力值（兆瓦）","1","00:00-01:00","54.18","False"
"1、交易计算表5月.xls","2026-05","96点电力值（兆瓦）","2","01:00-02:00","31.7","False"
"1、交易计算表5月.xls","2026-05","96点电力值（兆瓦）","3","02:00-03:00","30.53","False"
"1、交易计算表5月.xls","2026-05","96点电力值（兆瓦）","4","03:00-04:00","28.29","False"
"1、交易计算表5月.xls","2026-05","96点电力值（兆瓦）","5","04:00-05:00","34.54","False"
"1、交易计算表5月.xls","2026-05","96点电力值（兆瓦）","6","05:00-06:00","44.07","False"
"1、交易计算表5月.xls","2026-05","96点电力值（兆瓦）","7","06:00-07:00","70.31","False"
"1、交易计算表5月.xls","2026-05","96点电力值（兆瓦）","8","07:00-08:00","81.89","False"
"1、交易计算表5月.xls","2026-05","96点电力值（兆瓦）","9","08:00-09:00","75.7","False"
"1、交易计算表5月.xls","2026-05","96点电力值（兆瓦）","10","09:00-10:00","85.05","False"
"1、交易计算表5月.xls","2026-05","96点电力值（兆瓦）","11","10:00-11:00","89.22","False"
"1、交易计算表5月.xls","2026-05","96点电力值（兆瓦）","12","11:00-12:00","82.82","False"
"1、交易计算表5月.xls","2026-05","96点电力值（兆瓦）","13","12:00-13:00","90.95","False"
"1、交易计算表5月.xls","2026-05","96点电力值（兆瓦）","14","13:00-14:00","79.58","False"
"1、交易计算表5月.xls","2026-05","96点电力值（兆瓦）","15","14:00-15:00","92.47","False"
"1、交易计算表5月.xls","2026-05","96点电力值（兆瓦）","16","15:00-16:00","89.38","False"
"1、交易计算表5月.xls","2026-05","96点电力值（兆瓦）","17","16:00-17:00","89.96","False"
"1、交易计算表5月.xls","2026-05","96点电力值（兆瓦）","18","17:00-18:00","89.86","False"
"1、交易计算表5月.xls","2026-05","96点电力值（兆瓦）","19","18:00-19:00","95.79","False"
"1、交易计算表5月.xls","2026-05","96点电力值（兆瓦）","20","19:00-20:00","87.58","False"
"1、交易计算表5月.xls","2026-05","96点电力值（兆瓦）","21","20:00-21:00","87.42","False"
"1、交易计算表5月.xls","2026-05","96点电力值（兆瓦）","22","21:00-22:00","86.58","False"
"1、交易计算表5月.xls","2026-05","96点电力值（兆瓦）","23","22:00-23:00","86.24","False"
"1、交易计算表5月.xls","2026-05","96点电力值（兆瓦）","24","23:00-24:00","65.01","False"
